{"cameraMode":{"drawMode":0,"name":"Shaded","section":"Shading Mode"},"sceneLighting":true,"audioPlay":false,"sceneViewState":{"showFog":false,"showMaterialUpdate":false,"showSkybox":false,"showFlares":false,"showImageEffects":false,"showParticleSystems":false},"in2DMode":false,"pivot":{"x":-11.33243465423584,"y":0.025836944580078126,"z":-7.779479026794434},"rotation":{"x":-0.13987626135349275,"y":0.7835634350776672,"z":-0.19076083600521089,"w":-0.5745437145233154},"size":10.489453315734864,"orthographic":false}