{"cameraMode":{"drawMode":0,"name":"Shaded","section":"Shading Mode"},"sceneLighting":true,"audioPlay":false,"sceneViewState":{"showFog":false,"showMaterialUpdate":false,"showSkybox":false,"showFlares":false,"showImageEffects":false,"showParticleSystems":false},"in2DMode":false,"pivot":{"x":-310.149169921875,"y":148.6236572265625,"z":-260.74591064453127},"rotation":{"x":0.07609962671995163,"y":-0.9238730669021606,"z":0.2544594407081604,"w":0.27574819326400759},"size":23.91904640197754,"orthographic":false}