{"cameraMode":{"drawMode":0,"name":"Shaded","section":"Shading Mode"},"sceneLighting":true,"audioPlay":false,"sceneViewState":{"showFog":false,"showMaterialUpdate":false,"showSkybox":false,"showFlares":false,"showImageEffects":false,"showParticleSystems":false},"in2DMode":false,"pivot":{"x":-224.63552856445313,"y":102.1093521118164,"z":-198.40634155273438},"rotation":{"x":-0.06920779496431351,"y":0.038023095577955249,"z":-0.0025118773337453605,"w":-0.9969358444213867},"size":263.10601806640627,"orthographic":false}