{"cameraMode":{"drawMode":0,"name":"Shaded","section":"Shading Mode"},"sceneLighting":true,"audioPlay":false,"sceneViewState":{"showFog":false,"showMaterialUpdate":false,"showSkybox":false,"showFlares":false,"showImageEffects":false,"showParticleSystems":false},"in2DMode":false,"pivot":{"x":-0.604560375213623,"y":6.528567314147949,"z":-4.310845375061035},"rotation":{"x":-0.22801193594932557,"y":0.7513870596885681,"z":-0.3250683546066284,"w":-0.527053952217102},"size":10.489453315734864,"orthographic":false}