{"cameraMode":{"drawMode":0,"name":"Shaded","section":"Shading Mode"},"sceneLighting":true,"audioPlay":false,"sceneViewState":{"showFog":false,"showMaterialUpdate":false,"showSkybox":false,"showFlares":false,"showImageEffects":false,"showParticleSystems":false},"in2DMode":false,"pivot":{"x":-11.088200569152832,"y":0.592559814453125,"z":-9.316838264465332},"rotation":{"x":-0.12362026423215866,"y":0.8076745271682739,"z":-0.18256939947605134,"w":-0.5468778014183044},"size":13.528427124023438,"orthographic":false}