{"cameraMode":{"drawMode":0,"name":"Shaded","section":"Shading Mode"},"sceneLighting":true,"audioPlay":false,"sceneViewState":{"showFog":false,"showMaterialUpdate":false,"showSkybox":false,"showFlares":false,"showImageEffects":false,"showParticleSystems":false},"in2DMode":false,"pivot":{"x":-65.50740814208985,"y":237.5884246826172,"z":-841.216796875},"rotation":{"x":0.25443610548973086,"y":-0.26010411977767947,"z":0.07100792974233628,"w":0.928859531879425},"size":109.41520690917969,"orthographic":false}