{"cameraMode":{"drawMode":0,"name":"Shaded","section":"Shading Mode"},"sceneLighting":true,"audioPlay":false,"sceneViewState":{"showFog":false,"showMaterialUpdate":false,"showSkybox":false,"showFlares":false,"showImageEffects":false,"showParticleSystems":false},"in2DMode":false,"pivot":{"x":194.8932647705078,"y":476.92718505859377,"z":-260.3603820800781},"rotation":{"x":-0.27540695667266848,"y":0.6503236293792725,"z":-0.2744216024875641,"w":-0.6526556015014648},"size":10.38341999053955,"orthographic":false}